n,a,c,j
Marketa,Baglan,51.6403247.21.7444457,Shrinky Dinks (1973)
Valeda,Lohoar,15.690893.120.409906,Sit N Spin
Federica,Padillo,-17.3079902.-40.1862129,Furby
Franklin,Garbar,47.5113895.1.820875,Cat's Cradle
Avrom,Millson,14.9269532.-89.7161012,Sky Dancers
Larissa,Wortt,43.9332185.-78.8439268,Twister
Larissa,Wortt,43.9332185.-78.8439268,Twister
Franklin,Garbar,47.5113895.1.820875,Geomag
Branden,Hoys,45.1181926.21.2944883,Squinkies
Dionne,Red,44.2136985.3.9996505,Micro Scooter
Georgiana,Yarrell,56.907241.24.0317249,Bumble Ball
Olenka,Louys,-10.1573402.123.6010244,McDonald's McDino Changeables
Anette,Dumingo,-3.3939043.120.3608455,Polly Pocket
Suzanna,Heeks,-17.3013059.31.3198491,Betty Spaghetti
Emmaline,McCartan,53.0210495.27.554013,Beanie Babies
Constantia,Kaindl,-3.3939043.120.3608455,Game of Life
Karyn,Pahl,27.318852.115.444319,Transformers
Tommi,McMurty,15.690893.120.409906,Baby Alive
Mace,Basler,-3.3186067.114.5943784,Orbeez
Phebe,Winckles,41.1588991.-8.0638522,Gym Scooters
Rhianna,McCutheon,27.0449005.84.8672171,Gameboy Advance
Tommi,McMurty,15.690893.120.409906,Mr. Potato Head
Donn,Fedorski,13.4956.123.289,Sky Dancers
Marilee,Sperry,47.5113895.1.820875,Lite Brite
Iggy,Aizikovich,27.0449005.84.8672171,Pillow Pets
Herbie,Osburn,14.6031411.121.0959448,Lite Brite
Nikaniki,Sills,40.1598524.116.8212507,Little Tikes Cozy Coupe Car (1979)
Beulah,Sorbey,-32.9413658.-60.652833,Chia Pets
Phebe,Winckles,41.1588991.-8.0638522,Yoyo
Alysia,Cooney,4.625907.-75.761865,Sky Dancers
Gillie,Langhorne,-23.5113691.-46.872942,Lincoln Logs
Ruy,Beldom,-7.2599544.112.7554346,Tech Decks
Ferne,Habgood,9.9356473.-84.0792946,Game of Life
Britt,Lording,9.9356473.-84.0792946,Parachute Game
Stanfield,Fuke,41.01.-85.06,Webkinz
Sherie,Dalloway,50.772008.22.956207,Tickle Me Elmo
Thorin,Pitrollo,25.410654.107.88645,Gym Scooters
Madlen,Vinson,51.991495.4.3557381,Shrinky Dinks (1973)
Constancia,Johnys,-8.0914709.112.718192,Perfection
Stanfield,Fuke,41.01.-85.06,Webkinz
Ive,Jermyn,42.6.25.55,Paper Dolls
Stepha,Beales,28.322781.-81.3912772,Aqua Dots
Ignazio,Blade,45.1181926.21.2944883,Tonka Trucks
Tannie,Imlock,29.689847.121.28259,Big Wheel
Franklin,Garbar,47.5113895.1.820875,Cat's Cradle
Dayna,Knappitt,29.689847.121.28259,Marbles
Susette,Jeffreys,-10.1573402.123.6010244,Easy Bake Oven
Bee,Carden,-7.3175297.-63.9586111,Trolls
Emilio,Kroll,-17.3079902.-40.1862129,Bumble Ball
Normie,Martschik,51.5775677.16.4684556,Geomag
Gillie,Langhorne,-23.5113691.-46.872942,Lincoln Logs
Marylee,Sherred,66.5299478.66.6127258,Sorry
Dionne,Red,44.2136985.3.9996505,Connect Four
Mace,Basler,-3.3186067.114.5943784,American Girl Doll
Norry,Egger,52.4585616.20.1010662,Game of Life
Patrica,Coorington,47.0184615.-68.1430761,Chia Pets
Dionne,Red,44.2136985.3.9996505,Chalk
Peter,Peacock,20.55832.106.56882,Sprirograph
Stanfield,Fuke,41.01.-85.06,Parachute Game
Iggy,Aizikovich,27.0449005.84.8672171,Stickle Bricks
Olenka,Louys,-10.1573402.123.6010244,McDonald's McDino Changeables
Aluin,Kermannes,50.772008.22.956207,Boggle
Fidelity,Grzegorecki,8.9172672.17.5505152,Fisher Price Farm
Constantia,Kaindl,-3.3939043.120.3608455,Stickle Bricks
Dov,Leving,26.86889.109.09528,Cabbage Patch Kids
Valeda,Lohoar,15.690893.120.409906,Shrinky Dinks (1973)
Chaunce,Wilks,48.87561.2.302597,Sprirograph
Patrica,Coorington,47.0184615.-68.1430761,Chia Pets
Brianna,Pudden,-7.3175297.-63.9586111,McDonald's McDino Changeables
Denny,Peckitt,13.4956.123.289,Chia Pets
Constancia,Johnys,-8.0914709.112.718192,Perfection
Sherri,Yakobowitz,-8.154229.111.7778618,Shrinky Dinks (1973)
Julina,Mitrikhin,29.689847.121.28259,Play Dough
Dionne,Red,44.2136985.3.9996505,Connect Four
Nikaniki,Sills,40.1598524.116.8212507,Teletubbies Dolls
Bernardine,Kiddell,52.416925.13.6492904,Fisher Price Rock a Stack
Iggy,Aizikovich,27.0449005.84.8672171,Stickle Bricks
Ferne,Habgood,9.9356473.-84.0792946,Game of Life
Helyn,Ruzicka,44.1039762.19.2997218,Orbeez
Ignazio,Blade,45.1181926.21.2944883,Tonka Trucks
Ruy,Beldom,-7.2599544.112.7554346,Toy Kitchen
Sherie,Dalloway,50.772008.22.956207,Big Wheel
Alexi,Bru,8.9172672.17.5505152,Shrinky Dinks (1973)
Elli,Tabner,-17.3013059.31.3198491,Connect Four
Jonas,Tanswell,10.385548.125.213831,McDonald's McDino Changeables
Isabelle,Coton,52.4585616.20.1010662,Wooly Willy
Devon,Sworn,47.3362701.-1.5349069,Etch a Sketch
Cassius,Willstrop,36.284107.100.620031,Gym Scooters
Garth,Olford,-6.858925.108.2080973,Styling Head
Christan,Giffkins,53.7431909.18.6894607,Sorry
Lewiss,Beagles,36.284107.100.620031,Aqua Dots
Isabelle,Coton,52.4585616.20.1010662,Paper Dolls
Britt,Lording,9.9356473.-84.0792946,Transformers
Cassius,Willstrop,36.284107.100.620031,Tamagotchi
Kalil,Jako,53.6190091.-1.2780726,Finger Monsters
Nikaniki,Sills,40.1598524.116.8212507,Teletubbies Dolls
Madlen,Vinson,51.991495.4.3557381,Chalk
Mace,Basler,-3.3186067.114.5943784,Simon
Ema,Gilchrist,34.137139.120.227624,Don't Wake Daddy
Mari,McIlmurray,51.5775677.16.4684556,Sky Dancers
Dov,Leving,26.86889.109.09528,Cabbage Patch Kids
Tommi,McMurty,15.690893.120.409906,Leapfrog Pad
Jacquette,Aberkirder,41.01.-85.06,Play Tea Set
Athena,Gallie,40.4999888.22.8766281,Sky Dancers
Alexi,Bru,8.9172672.17.5505152,Shrinky Dinks (1973)
Huntlee,Measham,43.4539508.42.0911606,Big Wheel
Tannie,Imlock,29.689847.121.28259,Fisher Price Doctor Kit
Emilio,Kroll,-17.3079902.-40.1862129,Fisher Price Doctor Kit
Chaunce,Wilks,48.87561.2.302597,Sprirograph
Johnette,Robertelli,35.8325673.139.7424494,Elefun
Ambros,Routham,-7.2763.108.3561,Heelys
Nikaniki,Sills,40.1598524.116.8212507,Little Tikes Cozy Coupe Car (1979)
Darb,Zotto,15.9898714.119.8798268,American Girl Doll
Normie,Martschik,51.5775677.16.4684556,Marbles
Tannie,Imlock,29.689847.121.28259,Fisher Price Doctor Kit
Britt,Lording,9.9356473.-84.0792946,Transformers
Georgiana,Yarrell,56.907241.24.0317249,Lite Brite
Constantia,Kaindl,-3.3939043.120.3608455,Game of Life
Sherri,Yakobowitz,-8.154229.111.7778618,Shrinky Dinks (1973)
Cammie,Shankster,-8.0914709.112.718192,Cat's Cradle
Man,Tartt,-3.3939043.120.3608455,Chalk
Ambros,Routham,-7.2763.108.3561,Heelys
Aryn,Athow,53.0210495.27.554013,Care Bears
Susette,Jeffreys,-10.1573402.123.6010244,Easy Bake Oven
Huntlee,Measham,43.4539508.42.0911606,Play Dough
Ignazio,Blade,45.1181926.21.2944883,Toy Car
Ambros,Routham,-7.2763.108.3561,Heelys
Trevar,McJury,25.410654.107.88645,Fisher Price Rock a Stack
Adolphus,Willbond,40.1598524.116.8212507,Furby
Constancia,Johnys,-8.0914709.112.718192,Perfection
Lisette,Schultes,15.9898714.119.8798268,DS Lite
Tommi,McMurty,15.690893.120.409906,Mr. Potato Head
Mitzi,Mauvin,36.284107.100.620031,Leapfrog Pad
Constantia,Kaindl,-3.3939043.120.3608455,Stickle Bricks
Phebe,Winckles,41.1588991.-8.0638522,Yoyo
Bee,Carden,-7.3175297.-63.9586111,Play Tea Set
Flem,Sedgmond,-8.154229.111.7778618,Tamagotchi
Valeda,Lohoar,15.690893.120.409906,Pixel Chix
Helyn,Ruzicka,44.1039762.19.2997218,Idog
Constantia,Kaindl,-3.3939043.120.3608455,Stickle Bricks
Adolphus,Willbond,40.1598524.116.8212507,Furby
Prescott,Isoldi,25.410654.107.88645,Etch a Sketch
Michael,Talboy,-7.3175297.-63.9586111,Lego
Valeda,Lohoar,15.690893.120.409906,Shrinky Dinks (1973)
Cassius,Willstrop,36.284107.100.620031,Gym Scooters
Kalil,Jako,53.6190091.-1.2780726,Finger Monsters
Emmaline,McCartan,53.0210495.27.554013,Tamagotchi
Huntlee,Measham,43.4539508.42.0911606,Play Dough
Anette,Dumingo,-3.3939043.120.3608455,Polly Pocket
Avrom,Millson,14.9269532.-89.7161012,Sit N Spin
Ema,Gilchrist,34.137139.120.227624,Furby
Foster,Iacopetti,36.284107.100.620031,Tamagotchi
Constancia,Johnys,-8.0914709.112.718192,Perfection
Gillie,Langhorne,-23.5113691.-46.872942,Pogosticks
Karyn,Pahl,27.318852.115.444319,Transformers
Bee,Carden,-7.3175297.-63.9586111,Chalk
Mace,Basler,-3.3186067.114.5943784,Simon
Concordia,Sanbroke,29.763892.121.513271,Baby Alive
Tannie,Imlock,29.689847.121.28259,Fisher Price Doctor Kit
Dayna,Knappitt,29.689847.121.28259,Mad Libs
Friederike,Boumphrey,-3.3939043.120.3608455,Tinker Toys
Lisette,Schultes,15.9898714.119.8798268,Mall Madness
Gino,Darrel,33.9041552.-117.9307584,iPod
Isabelle,Coton,52.4585616.20.1010662,Wooly Willy
Herbie,Osburn,14.6031411.121.0959448,Uno
Ignazio,Blade,45.1181926.21.2944883,Slap Bracelets
Phebe,Winckles,41.1588991.-8.0638522,Gym Scooters
Britt,Lording,9.9356473.-84.0792946,Parachute Game
Meaghan,Sawart,25.410654.107.88645,Build-A-Bear Workshop
Quent,Lehrle,26.99.8333333,Pick-Up Sticks
Michael,Talboy,-7.3175297.-63.9586111,Lego
Meaghan,Sawart,25.410654.107.88645,Build-A-Bear Workshop
Isabelle,Coton,52.4585616.20.1010662,Wooly Willy
Suzy,Lashford,-7.5088.108.2386,Tickle Me Elmo
Frederic,Gladdis,34.137139.120.227624,Polly Pocket
Franklin,Garbar,47.5113895.1.820875,Cat's Cradle
Valeda,Lohoar,15.690893.120.409906,Shrinky Dinks (1973)
Tommi,McMurty,15.690893.120.409906,Leapfrog Pad
Ambros,Routham,-7.2763.108.3561,Heelys
Jacenta,Meys,55.8876933.48.3613188,Space Hopper
Franklin,Garbar,47.5113895.1.820875,Geomag
Concordia,Sanbroke,29.763892.121.513271,Baby All Gone
Garth,Olford,-6.858925.108.2080973,Jenga
Constantia,Kaindl,-3.3939043.120.3608455,Stickle Bricks
Bee,Carden,-7.3175297.-63.9586111,Trolls
Suzanna,Heeks,-17.3013059.31.3198491,Polly Pocket
Susette,Jeffreys,-10.1573402.123.6010244,Easy Bake Oven
Foster,Iacopetti,36.284107.100.620031,Sit N Spin
Kingsly,Van Arsdall,45.1099868.20.7477906,Rainbow Loom
Ambros,Routham,-7.2763.108.3561,Silly Bandz
Amos,Shillan,47.5113895.1.820875,Leapfrog Pad
Clo,Statham,37.7466201.23.9055737,Play Dough
Concordia,Sanbroke,29.763892.121.513271,Viewmaster
Emilio,Kroll,-17.3079902.-40.1862129,Pillow Pets
Beulah,Sorbey,-32.9413658.-60.652833,Chia Pets
Brianna,Pudden,-7.3175297.-63.9586111,McDonald's McDino Changeables
Ben,Bradbeer,51.5775677.16.4684556,Happy Meal Toys
Archie,Britian,15.690893.120.409906,Mr. Potato Head
Madlen,Vinson,51.991495.4.3557381,Moon Shoes
Godard,Solman,4.8413815.-72.9899505,Paddle Ball
